               epoch,      train/box_loss,      train/obj_loss,      train/cls_loss,   metrics/precision,      metrics/recall,     metrics/mAP_0.5,metrics/mAP_0.5:0.95,        val/box_loss,        val/obj_loss,        val/cls_loss,               x/lr0,               x/lr1,               x/lr2
                   0,             0.10355,            0.052695,            0.033862,             0.38812,            0.078352,            0.045025,            0.010579,            0.077392,            0.043803,            0.020343,              0.0811,              0.0021,              0.0021
                   1,            0.079576,            0.045182,            0.020286,             0.77134,             0.15256,             0.10406,            0.028378,            0.074754,            0.029762,            0.017854,            0.061286,           0.0042858,           0.0042858
                   2,            0.068693,            0.037256,            0.018948,             0.85519,              0.2135,             0.26801,            0.099579,            0.057516,             0.02712,            0.015695,            0.041457,           0.0064571,           0.0064571
                   3,            0.059626,            0.034032,            0.016588,             0.65295,             0.39768,             0.38572,             0.16845,            0.049781,            0.030592,            0.012239,            0.021614,           0.0086139,           0.0086139
                   4,            0.053787,            0.031069,            0.012005,             0.70887,             0.39321,             0.41883,             0.18236,            0.051206,            0.030506,           0.0093326,            0.009868,            0.009868,            0.009868
                   5,            0.047434,            0.031946,           0.0091007,             0.76546,             0.41023,             0.43573,             0.14705,            0.050975,            0.028065,            0.011058,            0.009868,            0.009868,            0.009868
                   6,            0.041085,            0.028541,           0.0081135,             0.78927,             0.42403,             0.45753,              0.2443,            0.037929,            0.026873,            0.011742,            0.009835,            0.009835,            0.009835
                   7,            0.039661,            0.029888,           0.0073194,             0.87022,             0.51031,             0.59399,              0.3196,            0.035003,            0.021449,           0.0081456,            0.009802,            0.009802,            0.009802
                   8,            0.037447,            0.026999,           0.0063807,             0.88072,             0.52443,             0.60857,             0.32671,            0.033058,             0.02111,           0.0070173,            0.009769,            0.009769,            0.009769
                   9,            0.036792,            0.027313,             0.00608,             0.85702,             0.50633,             0.61692,             0.35018,            0.032653,            0.020136,           0.0069373,            0.009736,            0.009736,            0.009736
                  10,            0.035299,             0.02777,           0.0066859,             0.86321,             0.52423,             0.61936,             0.35666,            0.032052,            0.021182,           0.0077832,            0.009703,            0.009703,            0.009703
                  11,            0.033737,            0.027397,           0.0057298,             0.88264,             0.50621,             0.61928,             0.35918,            0.032401,            0.020499,           0.0068712,             0.00967,             0.00967,             0.00967
                  12,            0.032676,            0.025981,           0.0054646,              0.8196,             0.58577,             0.64348,             0.39529,            0.031394,            0.019612,           0.0068103,            0.009637,            0.009637,            0.009637
                  13,            0.032745,            0.027031,           0.0053323,             0.80103,              0.6029,             0.65688,              0.4152,             0.02936,            0.019188,           0.0064208,            0.009604,            0.009604,            0.009604
                  14,            0.032242,            0.025626,           0.0053833,             0.84673,             0.56362,             0.63179,              0.3883,            0.029416,            0.019788,           0.0065284,            0.009571,            0.009571,            0.009571
                  15,            0.032006,             0.02592,           0.0048369,             0.86963,             0.59085,              0.6721,              0.4123,            0.029958,             0.01933,           0.0061288,            0.009538,            0.009538,            0.009538
                  16,            0.031447,            0.023862,           0.0045583,             0.70715,             0.63236,             0.68477,             0.44183,            0.029735,             0.01987,            0.006437,            0.009505,            0.009505,            0.009505
                  17,            0.030795,            0.025002,           0.0041537,             0.67912,             0.62821,              0.6776,             0.40537,            0.031314,            0.021295,           0.0071784,            0.009472,            0.009472,            0.009472
                  18,            0.029847,            0.023661,           0.0039801,             0.77244,             0.68389,             0.72927,             0.44484,            0.029728,            0.019316,           0.0058344,            0.009439,            0.009439,            0.009439
                  19,            0.029475,            0.023757,           0.0034172,             0.63967,             0.66682,             0.64141,             0.38432,            0.031788,            0.020667,           0.0079457,            0.009406,            0.009406,            0.009406
                  20,            0.030031,            0.024981,           0.0034474,             0.75937,             0.69469,              0.7376,              0.4446,            0.029917,            0.019946,           0.0060743,            0.009373,            0.009373,            0.009373
                  21,            0.029475,            0.024721,           0.0033983,             0.74196,             0.71793,             0.71043,             0.43786,            0.030108,            0.020186,           0.0063259,             0.00934,             0.00934,             0.00934
                  22,            0.028755,             0.02524,           0.0032049,             0.83148,             0.67716,             0.74329,              0.4584,            0.029678,             0.02081,           0.0053653,            0.009307,            0.009307,            0.009307
                  23,            0.029474,            0.024915,           0.0030676,             0.76369,             0.72742,             0.77153,             0.44906,            0.030079,            0.019768,           0.0051247,            0.009274,            0.009274,            0.009274
                  24,            0.028105,            0.024149,           0.0030482,             0.87201,             0.71253,             0.78044,             0.50377,            0.028572,            0.019399,           0.0058891,            0.009241,            0.009241,            0.009241
                  25,             0.02878,            0.024205,           0.0029953,             0.65424,             0.64567,             0.67129,             0.42848,            0.029149,             0.02066,           0.0088274,            0.009208,            0.009208,            0.009208
                  26,            0.028573,            0.022588,           0.0025431,             0.83819,             0.70982,             0.76333,             0.46551,            0.029689,            0.020051,           0.0053707,            0.009175,            0.009175,            0.009175
                  27,            0.028735,            0.025438,           0.0026045,             0.80837,             0.67824,             0.74912,              0.4621,            0.028895,            0.020441,           0.0059133,            0.009142,            0.009142,            0.009142
                  28,            0.028189,            0.023544,           0.0028528,             0.85356,             0.65917,             0.72528,              0.4422,            0.029681,            0.020431,           0.0059239,            0.009109,            0.009109,            0.009109
                  29,             0.02732,            0.023256,           0.0021809,             0.73605,             0.67208,             0.70564,             0.42339,             0.03102,            0.021705,           0.0066239,            0.009076,            0.009076,            0.009076
                  30,            0.027021,            0.023797,           0.0024917,             0.79546,              0.7206,             0.77082,             0.49023,            0.028253,            0.019497,           0.0052802,            0.009043,            0.009043,            0.009043
                  31,            0.027292,            0.022329,           0.0021573,             0.83423,             0.66551,             0.72406,               0.457,            0.029565,            0.019937,           0.0066206,             0.00901,             0.00901,             0.00901
                  32,            0.027314,            0.022829,           0.0021215,             0.83137,             0.72583,             0.74523,             0.46824,            0.029479,            0.019968,           0.0058184,            0.008977,            0.008977,            0.008977
                  33,            0.027171,            0.021622,            0.001925,             0.79528,             0.72167,             0.74261,             0.47421,            0.028113,            0.019917,           0.0063829,            0.008944,            0.008944,            0.008944
                  34,            0.025765,            0.022575,           0.0020402,             0.81149,             0.67604,             0.71972,             0.45151,            0.029127,            0.019832,           0.0077352,            0.008911,            0.008911,            0.008911
                  35,            0.026541,            0.022282,           0.0022734,             0.83737,             0.72403,             0.76482,             0.49484,            0.027732,            0.020312,           0.0062375,            0.008878,            0.008878,            0.008878
                  36,            0.026062,            0.022451,           0.0020468,             0.86283,             0.69478,             0.76118,             0.47511,            0.028694,            0.020231,           0.0057773,            0.008845,            0.008845,            0.008845
                  37,             0.02511,            0.022441,           0.0020114,             0.88383,               0.698,             0.76488,             0.49648,            0.027513,            0.020379,            0.005496,            0.008812,            0.008812,            0.008812
                  38,             0.02636,             0.02266,           0.0019479,             0.87276,             0.70608,             0.77112,             0.50287,              0.0283,            0.020289,           0.0048301,            0.008779,            0.008779,            0.008779
                  39,            0.025963,            0.021992,           0.0018438,             0.72109,              0.7244,             0.74811,             0.48332,             0.02693,            0.019271,            0.005198,            0.008746,            0.008746,            0.008746
                  40,            0.025486,            0.022154,           0.0019737,             0.86503,             0.64149,             0.74101,             0.47634,            0.029165,            0.020613,           0.0076421,            0.008713,            0.008713,            0.008713
                  41,            0.024954,            0.021535,           0.0018137,             0.90441,             0.66109,               0.751,             0.49028,            0.027808,            0.020698,           0.0054346,             0.00868,             0.00868,             0.00868
                  42,            0.025325,            0.021795,           0.0018783,             0.88527,             0.68068,               0.764,             0.48675,            0.028307,            0.019806,           0.0058627,            0.008647,            0.008647,            0.008647
                  43,            0.024726,            0.021402,           0.0017228,             0.88191,             0.68999,             0.73883,             0.47381,            0.028864,            0.019833,           0.0058862,            0.008614,            0.008614,            0.008614
                  44,            0.025281,             0.02257,           0.0018374,             0.88112,             0.72208,             0.77636,              0.4825,             0.02854,            0.020116,           0.0052773,            0.008581,            0.008581,            0.008581
                  45,            0.025283,            0.021446,           0.0018562,             0.79021,             0.73113,             0.76809,             0.49577,            0.028265,            0.020819,           0.0066386,            0.008548,            0.008548,            0.008548
                  46,            0.024506,            0.020411,           0.0018223,             0.87355,             0.66091,             0.73823,             0.48537,            0.028464,            0.020348,           0.0064285,            0.008515,            0.008515,            0.008515
                  47,             0.02504,              0.0225,           0.0016631,              0.8048,             0.76062,             0.77363,             0.48943,            0.029045,            0.020469,           0.0050097,            0.008482,            0.008482,            0.008482
                  48,            0.024855,            0.021322,           0.0017098,             0.84761,             0.71351,             0.77941,             0.50336,             0.02741,            0.019682,             0.00522,            0.008449,            0.008449,            0.008449
                  49,             0.02488,            0.021219,           0.0016604,             0.89461,             0.68759,             0.75705,             0.48331,            0.028402,            0.020469,            0.005578,            0.008416,            0.008416,            0.008416
                  50,            0.024606,            0.020661,           0.0016317,             0.84545,             0.75694,             0.79542,             0.50829,            0.027863,            0.020193,           0.0053665,            0.008383,            0.008383,            0.008383
                  51,            0.023683,            0.020773,           0.0015527,             0.87853,             0.74599,             0.79709,             0.50029,            0.028329,            0.020534,           0.0048822,             0.00835,             0.00835,             0.00835
                  52,            0.022988,            0.019698,           0.0014801,             0.83372,             0.72021,             0.77591,             0.48166,            0.028471,            0.021325,           0.0058036,            0.008317,            0.008317,            0.008317
                  53,            0.023474,            0.021024,           0.0017607,             0.84078,             0.72818,             0.78255,             0.49747,            0.027707,            0.020311,           0.0050782,            0.008284,            0.008284,            0.008284
                  54,            0.023182,            0.021182,           0.0014738,             0.81943,             0.71399,             0.76091,             0.48478,            0.028289,            0.020868,            0.005436,            0.008251,            0.008251,            0.008251
                  55,            0.023948,            0.021423,           0.0014297,             0.90074,              0.6833,             0.76205,             0.48283,            0.028373,            0.021088,           0.0057524,            0.008218,            0.008218,            0.008218
                  56,            0.023617,            0.019937,           0.0013711,             0.78974,             0.72826,             0.74624,             0.47665,            0.028731,            0.020864,           0.0057519,            0.008185,            0.008185,            0.008185
                  57,            0.022559,              0.0197,           0.0014755,             0.84237,             0.74095,             0.78465,             0.50031,            0.027391,            0.019823,           0.0055159,            0.008152,            0.008152,            0.008152
                  58,            0.023863,            0.020325,           0.0015596,             0.87982,             0.64952,              0.7264,             0.47505,            0.027949,            0.021008,           0.0063839,            0.008119,            0.008119,            0.008119
                  59,            0.022888,            0.020538,           0.0013239,             0.93154,             0.67005,             0.77117,             0.48493,             0.02857,            0.021023,           0.0055899,            0.008086,            0.008086,            0.008086
                  60,            0.023281,            0.020733,           0.0013427,             0.81848,             0.71095,             0.76976,             0.49427,             0.02816,            0.020432,           0.0052102,            0.008053,            0.008053,            0.008053
                  61,            0.022612,            0.019765,           0.0013918,             0.84648,             0.73543,             0.78688,              0.5066,            0.027945,            0.020511,           0.0050615,             0.00802,             0.00802,             0.00802
                  62,             0.02242,            0.020436,           0.0013981,             0.87589,             0.70229,             0.79228,             0.51495,            0.028476,            0.020987,           0.0048795,            0.007987,            0.007987,            0.007987
                  63,            0.022425,            0.019366,           0.0012512,             0.85856,             0.74776,             0.79933,             0.50965,            0.028579,            0.020064,           0.0046012,            0.007954,            0.007954,            0.007954
                  64,            0.022387,            0.019848,            0.001288,             0.86037,             0.65493,             0.71674,              0.4569,            0.028495,             0.02062,           0.0073383,            0.007921,            0.007921,            0.007921
                  65,            0.022279,            0.019786,           0.0013149,             0.83902,             0.69991,             0.75293,             0.48554,             0.02827,            0.020531,           0.0060133,            0.007888,            0.007888,            0.007888
                  66,             0.02203,            0.019062,           0.0011345,             0.87395,             0.68634,             0.75689,             0.48138,            0.028862,            0.020734,           0.0062696,            0.007855,            0.007855,            0.007855
                  67,            0.021884,            0.018342,           0.0013996,             0.84205,             0.66146,             0.73284,             0.46221,            0.028656,            0.021481,           0.0067087,            0.007822,            0.007822,            0.007822
                  68,            0.021606,            0.019095,           0.0012098,              0.8578,             0.74307,             0.78954,             0.50373,            0.027882,            0.020305,            0.005953,            0.007789,            0.007789,            0.007789
                  69,            0.021785,            0.019444,           0.0013384,              0.8649,             0.66192,             0.75896,              0.4882,            0.028402,            0.021134,           0.0060796,            0.007756,            0.007756,            0.007756
                  70,            0.022096,            0.019257,            0.001293,              0.7957,             0.69561,             0.73395,              0.4657,            0.028016,            0.020893,           0.0066526,            0.007723,            0.007723,            0.007723
                  71,            0.021793,            0.019532,           0.0012859,             0.77205,              0.7379,             0.75709,             0.48598,            0.028462,            0.021105,           0.0059761,             0.00769,             0.00769,             0.00769
                  72,            0.021485,            0.018131,           0.0013374,             0.85002,             0.71445,             0.75611,             0.49019,             0.02859,            0.021061,           0.0059992,            0.007657,            0.007657,            0.007657
                  73,             0.02214,            0.019847,           0.0012632,             0.90522,             0.66067,             0.74269,             0.48435,            0.028261,            0.021542,           0.0060305,            0.007624,            0.007624,            0.007624
                  74,             0.02145,             0.01949,           0.0012988,              0.8501,             0.73162,             0.76293,             0.50089,            0.028539,            0.021446,           0.0058907,            0.007591,            0.007591,            0.007591
                  75,            0.021808,             0.02021,           0.0013454,              0.8608,              0.7149,             0.76093,             0.49114,            0.028293,             0.02142,           0.0053005,            0.007558,            0.007558,            0.007558
                  76,            0.021166,            0.018304,           0.0013236,             0.85982,             0.69579,             0.74737,             0.49637,            0.028279,            0.021675,           0.0061546,            0.007525,            0.007525,            0.007525
                  77,            0.020578,            0.018902,            0.001242,             0.80955,             0.74629,             0.76693,             0.50545,            0.028127,            0.021276,           0.0051695,            0.007492,            0.007492,            0.007492
                  78,            0.021198,             0.01889,           0.0010833,             0.82198,             0.71578,             0.74891,             0.49235,            0.027688,            0.021378,           0.0056219,            0.007459,            0.007459,            0.007459
                  79,            0.021361,             0.01958,            0.001141,              0.8956,             0.73334,             0.77597,             0.50751,             0.02774,            0.021464,           0.0048273,            0.007426,            0.007426,            0.007426
                  80,            0.019923,            0.018449,            0.001113,             0.88191,             0.72343,             0.76907,             0.50555,            0.028402,            0.022136,           0.0054132,            0.007393,            0.007393,            0.007393
                  81,            0.020573,            0.018071,           0.0013584,             0.79122,             0.72728,             0.76012,             0.49627,            0.028434,            0.021911,           0.0067173,             0.00736,             0.00736,             0.00736
                  82,            0.020765,            0.018382,           0.0012186,             0.90846,             0.69249,             0.75651,             0.49882,            0.027622,            0.021273,           0.0056403,            0.007327,            0.007327,            0.007327
                  83,            0.020497,            0.018987,           0.0010712,             0.90631,             0.67641,             0.74778,             0.49873,            0.027697,            0.021462,            0.006158,            0.007294,            0.007294,            0.007294
                  84,            0.020968,            0.018112,           0.0011328,             0.85447,             0.71966,              0.7447,             0.48741,             0.02845,            0.021611,           0.0059754,            0.007261,            0.007261,            0.007261
                  85,            0.020851,            0.018819,           0.0011006,             0.84917,             0.73176,             0.77614,             0.51299,            0.027433,            0.020973,           0.0052922,            0.007228,            0.007228,            0.007228
                  86,            0.020573,            0.018287,           0.0012254,             0.88463,             0.69956,             0.75915,             0.49642,            0.028362,            0.022306,           0.0054784,            0.007195,            0.007195,            0.007195
                  87,            0.020821,            0.018402,           0.0011355,             0.81875,             0.70217,             0.74435,              0.4935,            0.027769,            0.021869,           0.0063846,            0.007162,            0.007162,            0.007162
                  88,            0.020191,             0.01836,           0.0011057,              0.8573,             0.70315,             0.74882,             0.49641,            0.027681,            0.021182,           0.0063077,            0.007129,            0.007129,            0.007129
                  89,            0.020389,            0.018925,           0.0009906,              0.8351,             0.71993,             0.75297,             0.49233,            0.028835,            0.021804,           0.0060104,            0.007096,            0.007096,            0.007096
                  90,            0.020053,            0.018031,            0.000975,             0.73295,             0.72416,             0.74422,              0.4787,            0.028358,            0.021474,           0.0069419,            0.007063,            0.007063,            0.007063
                  91,            0.020651,            0.018681,           0.0012203,             0.81051,             0.72502,             0.77843,             0.50955,            0.027675,             0.02091,           0.0054108,             0.00703,             0.00703,             0.00703
                  92,            0.019763,            0.018161,          0.00092751,             0.80759,             0.73014,             0.75863,             0.50594,            0.027612,             0.02086,           0.0058869,            0.006997,            0.006997,            0.006997
                  93,            0.019731,            0.018927,           0.0010901,              0.8371,             0.67556,               0.736,             0.47075,            0.028326,            0.021913,            0.006053,            0.006964,            0.006964,            0.006964
                  94,            0.020209,            0.018991,           0.0011917,             0.82373,             0.72947,             0.74982,             0.49672,              0.0281,             0.02202,           0.0052456,            0.006931,            0.006931,            0.006931
                  95,            0.018826,            0.018213,          0.00089464,              0.8616,             0.70679,             0.76681,             0.49696,            0.028429,            0.021358,           0.0051601,            0.006898,            0.006898,            0.006898
                  96,            0.019583,            0.018537,           0.0010662,             0.83977,             0.74222,             0.78828,             0.52159,            0.027457,            0.021698,           0.0055245,            0.006865,            0.006865,            0.006865
                  97,            0.019638,              0.0179,           0.0010209,             0.81329,              0.7227,             0.76211,             0.50426,            0.027779,            0.022098,           0.0058185,            0.006832,            0.006832,            0.006832
                  98,            0.019021,            0.017457,           0.0010531,             0.80656,             0.75155,             0.79453,             0.52483,            0.027522,            0.021212,           0.0052735,            0.006799,            0.006799,            0.006799
                  99,             0.01911,            0.017049,           0.0011018,             0.84234,             0.73701,             0.77594,             0.50864,            0.027503,            0.021039,           0.0054027,            0.006766,            0.006766,            0.006766
                 100,            0.019585,            0.017353,           0.0011457,             0.90147,              0.6783,             0.73704,             0.47536,            0.028379,            0.022604,           0.0058914,            0.006733,            0.006733,            0.006733
                 101,            0.019041,            0.017507,            0.001067,             0.90172,             0.72921,             0.77401,             0.49724,            0.028113,            0.021871,           0.0053955,              0.0067,              0.0067,              0.0067
                 102,            0.018663,            0.016892,          0.00098997,             0.89411,             0.69285,             0.75506,             0.49918,            0.027298,            0.022561,           0.0061282,            0.006667,            0.006667,            0.006667
                 103,            0.019683,            0.017369,           0.0010304,              0.8618,             0.70779,              0.7694,             0.49829,            0.027587,            0.021643,           0.0053484,            0.006634,            0.006634,            0.006634
                 104,            0.019211,            0.017082,           0.0010598,             0.90004,             0.70885,             0.78243,             0.51597,            0.027291,            0.020886,           0.0052416,            0.006601,            0.006601,            0.006601
                 105,            0.018867,            0.017502,           0.0010311,             0.88751,             0.71134,               0.782,              0.5124,            0.028129,            0.021835,           0.0056042,            0.006568,            0.006568,            0.006568
                 106,            0.018555,            0.017005,          0.00096179,             0.93254,             0.72489,             0.78916,             0.52403,            0.027257,            0.021038,           0.0051303,            0.006535,            0.006535,            0.006535
                 107,            0.019388,            0.017183,           0.0011575,             0.90159,             0.73749,             0.79027,             0.52299,            0.027538,            0.021102,           0.0051609,            0.006502,            0.006502,            0.006502
                 108,            0.019047,            0.017747,           0.0012315,             0.85469,             0.73049,             0.77736,             0.51472,            0.027516,            0.021896,           0.0053129,            0.006469,            0.006469,            0.006469
                 109,             0.01881,            0.017247,          0.00093534,             0.88792,             0.66768,             0.74171,             0.49891,            0.028064,            0.023188,           0.0056778,            0.006436,            0.006436,            0.006436
                 110,            0.018638,            0.017053,          0.00095181,             0.88021,             0.69081,             0.76147,             0.50676,            0.027517,            0.021731,           0.0056838,            0.006403,            0.006403,            0.006403
                 111,            0.018302,            0.016919,           0.0009637,             0.89965,             0.70962,             0.77205,             0.52031,            0.027647,            0.022259,           0.0058785,             0.00637,             0.00637,             0.00637
                 112,            0.018318,            0.017233,          0.00090298,             0.87532,             0.70918,             0.78361,             0.51434,            0.027581,            0.022426,           0.0058937,            0.006337,            0.006337,            0.006337
                 113,            0.018137,            0.015924,          0.00094025,             0.84984,             0.72021,             0.77438,             0.50574,             0.02776,            0.022363,           0.0059933,            0.006304,            0.006304,            0.006304
                 114,            0.018202,            0.016925,          0.00087715,             0.85161,             0.70887,              0.7762,             0.50989,            0.027718,            0.022232,           0.0056158,            0.006271,            0.006271,            0.006271
                 115,            0.018089,            0.017115,          0.00089267,             0.89879,             0.69251,             0.76899,             0.50532,            0.028141,            0.022064,           0.0055383,            0.006238,            0.006238,            0.006238
                 116,            0.018202,            0.016752,          0.00080673,             0.91916,               0.669,             0.76628,             0.50274,            0.027645,            0.022126,           0.0053025,            0.006205,            0.006205,            0.006205
                 117,            0.018098,            0.016507,          0.00088664,             0.81745,             0.71534,             0.76889,             0.50126,            0.027881,            0.022643,           0.0052656,            0.006172,            0.006172,            0.006172
                 118,            0.017439,            0.016895,          0.00080719,             0.90561,             0.70561,             0.76441,             0.50466,             0.02798,            0.022148,           0.0053964,            0.006139,            0.006139,            0.006139
                 119,            0.018274,            0.016354,          0.00093538,             0.84948,             0.75995,             0.78562,                0.51,            0.027661,            0.022235,           0.0049428,            0.006106,            0.006106,            0.006106
                 120,            0.017512,            0.016522,          0.00092932,             0.87145,             0.72016,             0.75656,             0.49234,            0.027714,            0.022363,           0.0054928,            0.006073,            0.006073,            0.006073
                 121,            0.017785,            0.016476,          0.00081705,             0.92729,             0.69129,             0.78495,              0.5161,            0.027862,            0.022873,           0.0053226,             0.00604,             0.00604,             0.00604
                 122,            0.017941,            0.016937,          0.00092801,             0.91873,             0.69935,             0.76924,             0.50593,            0.027701,            0.022776,           0.0050722,            0.006007,            0.006007,            0.006007
                 123,            0.017713,            0.016531,          0.00089018,             0.88276,             0.74286,              0.7926,             0.52211,            0.027666,            0.022681,           0.0050214,            0.005974,            0.005974,            0.005974
                 124,            0.017125,            0.016227,          0.00083962,             0.87935,             0.70991,             0.78593,             0.52588,            0.027879,            0.022276,           0.0053377,            0.005941,            0.005941,            0.005941
                 125,            0.017252,            0.016057,          0.00080379,             0.79869,             0.76482,             0.79395,              0.5235,            0.027941,            0.022823,           0.0051379,            0.005908,            0.005908,            0.005908
                 126,             0.01724,             0.01549,          0.00080804,             0.81086,              0.7591,             0.77634,             0.50806,            0.028093,            0.022662,           0.0051846,            0.005875,            0.005875,            0.005875
                 127,            0.017233,            0.016353,          0.00086451,              0.8436,              0.7198,             0.77288,             0.50716,            0.027506,            0.021697,           0.0054734,            0.005842,            0.005842,            0.005842
                 128,            0.017656,            0.016799,          0.00081829,             0.82269,             0.76395,             0.78497,              0.5142,            0.027278,            0.022678,            0.005206,            0.005809,            0.005809,            0.005809
                 129,            0.017158,            0.016242,          0.00085345,             0.85932,             0.76411,             0.78547,             0.52323,            0.027499,            0.022697,           0.0050701,            0.005776,            0.005776,            0.005776
                 130,            0.017413,            0.017092,          0.00091297,              0.8305,             0.76483,             0.78541,             0.52318,            0.027655,            0.023188,           0.0052719,            0.005743,            0.005743,            0.005743
                 131,            0.017398,            0.016575,          0.00092861,             0.82926,             0.75973,             0.78229,             0.51979,            0.027731,             0.02261,           0.0059197,             0.00571,             0.00571,             0.00571
                 132,            0.016806,            0.016076,          0.00082309,             0.86922,             0.68611,              0.7692,             0.50391,            0.028141,            0.022804,           0.0055748,            0.005677,            0.005677,            0.005677
                 133,            0.018131,            0.016543,          0.00080923,             0.83592,             0.73807,             0.77165,             0.50777,            0.028127,            0.022477,           0.0055219,            0.005644,            0.005644,            0.005644
                 134,            0.017245,            0.016573,          0.00089305,             0.80423,             0.74308,             0.76962,              0.5192,            0.027091,            0.022774,           0.0056614,            0.005611,            0.005611,            0.005611
                 135,            0.016588,             0.01547,          0.00080396,             0.89855,             0.69597,             0.76807,              0.5166,            0.027443,            0.022955,           0.0054648,            0.005578,            0.005578,            0.005578
                 136,            0.017125,            0.016328,          0.00087911,             0.87359,             0.69901,             0.77268,             0.51377,            0.027349,            0.022939,           0.0057282,            0.005545,            0.005545,            0.005545
                 137,            0.016923,            0.016083,          0.00082157,              0.8402,             0.73416,             0.77137,             0.51657,            0.027805,            0.023735,           0.0058786,            0.005512,            0.005512,            0.005512
                 138,            0.016955,            0.016731,          0.00071315,             0.84119,             0.73976,             0.77644,             0.52203,             0.02746,            0.023206,           0.0052176,            0.005479,            0.005479,            0.005479
                 139,             0.01702,             0.01617,          0.00072471,             0.77504,             0.76385,             0.78057,             0.52495,            0.027329,            0.022502,           0.0050461,            0.005446,            0.005446,            0.005446
                 140,             0.01638,            0.015886,          0.00088809,             0.90734,             0.69335,             0.78336,             0.52818,            0.027315,            0.023122,           0.0050144,            0.005413,            0.005413,            0.005413
                 141,            0.016373,            0.016512,          0.00074084,             0.85361,             0.71175,             0.75525,              0.5026,            0.027445,            0.023209,           0.0058896,             0.00538,             0.00538,             0.00538
                 142,            0.016428,            0.015598,          0.00061798,             0.90658,             0.69757,             0.76463,             0.51288,            0.027549,            0.023311,           0.0058274,            0.005347,            0.005347,            0.005347
                 143,            0.016287,             0.01629,          0.00068374,             0.89155,              0.6894,             0.77518,             0.51065,            0.027534,            0.023092,            0.005615,            0.005314,            0.005314,            0.005314
                 144,            0.016992,            0.016553,          0.00072091,             0.92164,             0.65598,             0.74157,             0.50074,            0.027625,            0.023941,           0.0063346,            0.005281,            0.005281,            0.005281
                 145,            0.016216,            0.015544,          0.00079005,              0.8975,             0.67752,             0.74228,             0.48676,            0.027732,            0.024004,           0.0062101,            0.005248,            0.005248,            0.005248
                 146,            0.015861,            0.015461,          0.00073193,             0.87974,             0.72128,             0.77704,             0.51677,            0.027668,            0.024539,           0.0054436,            0.005215,            0.005215,            0.005215
                 147,            0.016135,             0.01564,          0.00067173,             0.87139,             0.73427,             0.76894,             0.51415,            0.028061,             0.02401,           0.0055562,            0.005182,            0.005182,            0.005182
                 148,            0.015783,            0.015325,           0.0006349,               0.829,             0.74954,             0.77791,             0.52196,            0.027401,            0.023331,           0.0055348,            0.005149,            0.005149,            0.005149
                 149,            0.016361,            0.016616,          0.00079727,             0.85132,             0.73571,             0.77563,             0.52055,            0.027359,            0.022909,           0.0053945,            0.005116,            0.005116,            0.005116
                 150,            0.015838,            0.014923,          0.00067767,              0.8829,             0.72797,             0.79722,             0.53583,            0.027306,            0.022987,           0.0050581,            0.005083,            0.005083,            0.005083
                 151,             0.01559,             0.01456,          0.00069269,             0.82836,              0.7147,              0.7716,              0.5225,            0.027185,            0.023161,            0.005351,             0.00505,             0.00505,             0.00505
                 152,            0.016079,            0.015709,           0.0006866,             0.84877,             0.74215,             0.77571,             0.51967,            0.027533,            0.023406,           0.0051611,            0.005017,            0.005017,            0.005017
                 153,             0.01602,            0.015243,           0.0008103,              0.9129,             0.69327,             0.76433,             0.51018,            0.027653,            0.024129,           0.0055519,            0.004984,            0.004984,            0.004984
                 154,            0.015392,            0.014854,           0.0006552,             0.89966,             0.70022,             0.75881,             0.50614,            0.027449,            0.023261,           0.0058244,            0.004951,            0.004951,            0.004951
                 155,            0.016181,            0.014888,          0.00058617,             0.91852,             0.68544,             0.75914,             0.50425,            0.027787,            0.023258,           0.0057763,            0.004918,            0.004918,            0.004918
                 156,            0.015521,            0.015929,          0.00063803,              0.9042,             0.69298,             0.76555,             0.51757,            0.027713,            0.023606,           0.0057622,            0.004885,            0.004885,            0.004885
                 157,            0.015381,            0.015647,          0.00065281,             0.87076,             0.73414,             0.77564,                0.52,            0.027693,             0.02393,           0.0056597,            0.004852,            0.004852,            0.004852
                 158,            0.015607,            0.014821,          0.00067221,             0.91236,              0.7241,             0.77293,             0.51041,            0.028215,            0.023634,           0.0057058,            0.004819,            0.004819,            0.004819
                 159,            0.015771,            0.016036,          0.00071981,             0.85624,             0.76296,             0.78704,             0.52485,            0.027635,            0.023719,           0.0051362,            0.004786,            0.004786,            0.004786
                 160,            0.015491,            0.015534,          0.00065129,             0.85579,             0.72371,             0.77708,             0.51249,            0.027251,            0.024109,           0.0057469,            0.004753,            0.004753,            0.004753
                 161,             0.01596,            0.015424,           0.0006956,             0.93137,             0.67993,             0.78813,             0.52362,            0.027375,            0.023019,           0.0057753,             0.00472,             0.00472,             0.00472
                 162,            0.015494,             0.01426,           0.0006774,             0.91172,             0.69265,             0.77333,             0.51753,            0.027743,            0.023534,           0.0054774,            0.004687,            0.004687,            0.004687
                 163,            0.015672,            0.015637,          0.00060467,             0.84527,             0.74384,             0.78799,             0.52363,            0.027239,            0.022959,            0.005475,            0.004654,            0.004654,            0.004654
                 164,            0.015359,            0.014854,          0.00064898,             0.86372,             0.74833,             0.78355,             0.52511,            0.027437,            0.023512,           0.0051343,            0.004621,            0.004621,            0.004621
                 165,            0.015081,            0.014448,          0.00080369,             0.92336,             0.69357,             0.75693,             0.50193,            0.027659,            0.023833,            0.005671,            0.004588,            0.004588,            0.004588
                 166,             0.01512,            0.014772,          0.00070715,             0.94304,             0.66303,             0.74279,             0.49467,            0.028204,            0.024614,            0.005801,            0.004555,            0.004555,            0.004555
                 167,            0.015076,             0.01531,          0.00064334,             0.92547,              0.6741,             0.75149,             0.50823,            0.027422,            0.024195,           0.0058387,            0.004522,            0.004522,            0.004522
                 168,            0.015148,            0.015377,          0.00058752,             0.92122,             0.67602,              0.7532,             0.51236,            0.027327,            0.023759,           0.0057462,            0.004489,            0.004489,            0.004489
                 169,            0.015323,            0.014634,          0.00073431,             0.88087,             0.67592,             0.76646,             0.52217,            0.027599,            0.024402,           0.0055668,            0.004456,            0.004456,            0.004456
                 170,            0.014927,            0.014204,          0.00064194,             0.81224,             0.72926,             0.77349,             0.52094,            0.027557,            0.025032,           0.0055576,            0.004423,            0.004423,            0.004423
                 171,            0.015162,            0.013855,          0.00068149,             0.90027,             0.68925,             0.76286,             0.51589,            0.027415,            0.024318,           0.0059205,             0.00439,             0.00439,             0.00439
                 172,            0.014579,            0.014744,          0.00060663,             0.90549,             0.68887,              0.7603,             0.50848,            0.027441,            0.024599,           0.0055176,            0.004357,            0.004357,            0.004357
                 173,            0.015246,            0.015226,          0.00055311,              0.8495,             0.73078,             0.76317,             0.50816,            0.027513,            0.023756,           0.0054544,            0.004324,            0.004324,            0.004324
                 174,            0.014723,            0.015302,          0.00060898,             0.89774,             0.70687,             0.77245,             0.51992,            0.027375,            0.023795,           0.0054337,            0.004291,            0.004291,            0.004291
                 175,            0.014979,            0.014868,          0.00066365,             0.83715,              0.7294,             0.76275,             0.51326,            0.027468,            0.024399,           0.0058444,            0.004258,            0.004258,            0.004258
                 176,            0.014775,            0.014647,          0.00060104,             0.90596,             0.71079,             0.75718,              0.5127,            0.027556,            0.024708,           0.0059293,            0.004225,            0.004225,            0.004225
                 177,            0.014362,            0.014007,          0.00057594,             0.89871,             0.69731,             0.75545,             0.50614,            0.027622,            0.024587,           0.0060142,            0.004192,            0.004192,            0.004192
                 178,            0.014404,            0.014322,          0.00062913,             0.90918,             0.68788,             0.75797,             0.50431,            0.027493,            0.023708,           0.0058431,            0.004159,            0.004159,            0.004159
                 179,            0.014335,             0.01425,           0.0006907,             0.88144,             0.66984,             0.76461,             0.51856,              0.0271,            0.023677,           0.0062541,            0.004126,            0.004126,            0.004126
                 180,            0.014651,            0.014833,          0.00058909,             0.76295,             0.73472,              0.7689,             0.51337,            0.027142,            0.024185,           0.0061915,            0.004093,            0.004093,            0.004093
                 181,            0.014679,            0.014117,          0.00065213,             0.87773,             0.69687,             0.76331,             0.51227,            0.027363,            0.024145,           0.0060173,             0.00406,             0.00406,             0.00406
                 182,            0.014415,              0.0141,          0.00058585,             0.86148,             0.73072,               0.779,             0.51645,            0.027432,            0.024449,           0.0058372,            0.004027,            0.004027,            0.004027
                 183,            0.014972,            0.015006,          0.00056666,             0.87394,             0.72265,             0.77265,              0.5207,            0.027325,            0.023937,           0.0057986,            0.003994,            0.003994,            0.003994
                 184,            0.014035,            0.013821,          0.00055969,               0.872,             0.69822,             0.76641,             0.50904,            0.027378,            0.024637,           0.0060277,            0.003961,            0.003961,            0.003961
                 185,            0.014203,            0.013866,          0.00056846,             0.89068,             0.68498,              0.7445,             0.50871,            0.027405,            0.025027,           0.0062088,            0.003928,            0.003928,            0.003928
                 186,            0.014468,            0.014184,          0.00051688,             0.92579,             0.67342,             0.72992,             0.49862,            0.027494,             0.02499,           0.0063732,            0.003895,            0.003895,            0.003895
                 187,            0.014144,            0.014281,          0.00060332,              0.9409,               0.678,             0.77084,             0.52347,            0.027416,            0.024247,           0.0061697,            0.003862,            0.003862,            0.003862
                 188,            0.014197,            0.014045,          0.00058724,             0.92082,             0.70044,             0.76206,             0.50692,            0.027711,            0.024768,           0.0056298,            0.003829,            0.003829,            0.003829
                 189,            0.014348,            0.014552,          0.00063032,             0.83716,             0.74145,             0.77509,             0.51941,            0.027457,            0.024268,           0.0052967,            0.003796,            0.003796,            0.003796
                 190,             0.01399,            0.014451,           0.0005911,             0.78622,             0.74848,             0.77661,             0.52907,            0.027356,            0.024513,           0.0055908,            0.003763,            0.003763,            0.003763
                 191,            0.013798,            0.014536,           0.0005256,             0.90481,             0.69169,             0.77796,             0.53048,            0.027298,            0.024404,           0.0055425,             0.00373,             0.00373,             0.00373
                 192,             0.01396,            0.013821,          0.00058339,             0.83283,             0.72218,             0.77089,              0.5215,            0.027275,            0.024611,           0.0056383,            0.003697,            0.003697,            0.003697
                 193,            0.014033,            0.013935,          0.00053347,             0.89711,             0.68787,             0.75576,             0.50721,            0.027236,            0.024705,           0.0059979,            0.003664,            0.003664,            0.003664
                 194,            0.014017,            0.013643,          0.00057293,             0.88335,             0.68444,             0.78127,             0.53418,            0.027065,            0.024249,           0.0061274,            0.003631,            0.003631,            0.003631
                 195,            0.014213,            0.014228,          0.00050974,             0.87157,             0.69875,             0.77463,             0.51746,            0.027549,            0.024929,           0.0058584,            0.003598,            0.003598,            0.003598
                 196,            0.013626,            0.013735,          0.00047053,             0.90286,               0.688,             0.76371,             0.51579,             0.02745,            0.025047,            0.005925,            0.003565,            0.003565,            0.003565
                 197,            0.013725,            0.014187,          0.00051219,             0.89067,             0.70227,             0.75091,             0.50265,            0.027878,             0.02555,           0.0057856,            0.003532,            0.003532,            0.003532
                 198,            0.013959,            0.014025,          0.00051419,             0.83827,             0.72218,             0.75136,             0.50895,            0.027622,            0.024529,           0.0055729,            0.003499,            0.003499,            0.003499
                 199,            0.013775,            0.014259,          0.00051326,             0.86058,              0.7149,             0.76442,             0.51313,            0.027515,            0.024572,           0.0054158,            0.003466,            0.003466,            0.003466
                 200,            0.013648,            0.013152,          0.00046165,             0.86094,             0.70501,             0.77248,             0.52228,            0.027463,            0.024568,           0.0056473,            0.003433,            0.003433,            0.003433
                 201,            0.013533,            0.014146,           0.0005084,             0.83803,             0.73896,              0.7617,             0.51826,            0.027614,            0.025108,           0.0056471,              0.0034,              0.0034,              0.0034
                 202,            0.013801,            0.013709,          0.00056406,             0.92324,             0.71619,             0.76677,             0.51214,            0.027743,            0.025096,            0.005625,            0.003367,            0.003367,            0.003367
                 203,            0.013549,            0.013737,          0.00059242,             0.90426,             0.71609,             0.76271,              0.5161,            0.027377,            0.025082,           0.0058659,            0.003334,            0.003334,            0.003334
                 204,             0.01363,            0.013901,          0.00049928,             0.88424,             0.72218,             0.75494,             0.50699,            0.027322,            0.024738,           0.0059513,            0.003301,            0.003301,            0.003301
                 205,            0.013621,             0.01372,          0.00052067,             0.92042,             0.69467,             0.76143,             0.51256,            0.027187,             0.02517,           0.0059107,            0.003268,            0.003268,            0.003268
                 206,            0.013702,            0.013668,           0.0005211,             0.93882,             0.66727,             0.76192,             0.51107,            0.027411,            0.024736,            0.006146,            0.003235,            0.003235,            0.003235
                 207,              0.0134,            0.013667,          0.00042445,             0.93408,             0.68706,             0.75157,             0.50561,              0.0275,            0.025166,            0.006076,            0.003202,            0.003202,            0.003202
                 208,            0.013413,            0.013647,          0.00055397,             0.91184,             0.69411,             0.75936,             0.50896,            0.027303,            0.025293,           0.0061979,            0.003169,            0.003169,            0.003169
                 209,            0.013276,            0.013872,          0.00053514,             0.87274,             0.71436,             0.76731,             0.51862,             0.02729,            0.025025,           0.0060324,            0.003136,            0.003136,            0.003136
                 210,            0.013104,            0.012828,          0.00046652,             0.90467,             0.69754,             0.75891,             0.51447,            0.027159,            0.024898,            0.006111,            0.003103,            0.003103,            0.003103
                 211,            0.013355,            0.013474,          0.00047585,             0.83525,             0.73552,             0.77283,             0.52373,            0.027283,             0.02496,           0.0058858,             0.00307,             0.00307,             0.00307
                 212,            0.013308,            0.013666,          0.00055782,             0.85431,             0.73168,             0.77426,             0.52051,            0.027473,            0.025084,           0.0056277,            0.003037,            0.003037,            0.003037
                 213,            0.013022,            0.013116,          0.00053239,              0.9049,             0.71062,             0.78333,             0.52728,            0.027362,            0.025448,            0.005535,            0.003004,            0.003004,            0.003004
                 214,            0.013215,            0.013441,          0.00049153,             0.91087,              0.7071,             0.76939,              0.5119,            0.027537,            0.025409,           0.0060022,            0.002971,            0.002971,            0.002971
                 215,            0.013039,            0.013023,          0.00047233,             0.89377,             0.69857,             0.75229,             0.50758,            0.027282,            0.025205,           0.0061776,            0.002938,            0.002938,            0.002938
                 216,            0.012864,            0.013117,          0.00045724,             0.92136,             0.71156,             0.76898,             0.52142,            0.027264,            0.024974,           0.0057415,            0.002905,            0.002905,            0.002905
                 217,            0.012342,            0.012767,          0.00049731,             0.91321,             0.71394,             0.77119,             0.51882,            0.027299,            0.024939,           0.0056177,            0.002872,            0.002872,            0.002872
                 218,            0.012799,            0.013212,          0.00049073,             0.88454,             0.72768,             0.77755,             0.52457,            0.027263,            0.025356,           0.0057282,            0.002839,            0.002839,            0.002839
                 219,            0.012727,             0.01286,          0.00052771,             0.93554,             0.68113,             0.77072,              0.5231,            0.027164,            0.025119,           0.0058321,            0.002806,            0.002806,            0.002806
                 220,            0.012884,            0.013117,           0.0004381,             0.86208,             0.72148,             0.77882,             0.52283,            0.027055,            0.025024,           0.0059174,            0.002773,            0.002773,            0.002773
                 221,            0.012731,            0.012716,           0.0004729,              0.8873,             0.71005,             0.78057,             0.52032,            0.027243,            0.025354,           0.0057422,             0.00274,             0.00274,             0.00274
                 222,            0.012658,            0.012946,          0.00049837,              0.8709,             0.72446,             0.77397,             0.51783,            0.027198,            0.025669,           0.0059439,            0.002707,            0.002707,            0.002707
                 223,             0.01289,            0.012998,          0.00042506,             0.85969,             0.73962,             0.77628,              0.5227,            0.027146,            0.025766,           0.0059086,            0.002674,            0.002674,            0.002674
                 224,            0.013099,            0.013546,           0.0004272,             0.85797,             0.73076,             0.76879,             0.51887,            0.027237,             0.02568,           0.0059584,            0.002641,            0.002641,            0.002641
                 225,            0.012395,            0.013263,          0.00039081,             0.88694,             0.69917,             0.75936,             0.51496,            0.027214,            0.025799,           0.0059625,            0.002608,            0.002608,            0.002608
                 226,            0.012561,            0.012734,          0.00039464,             0.86917,             0.71414,             0.76198,             0.51487,            0.027415,            0.025896,             0.00592,            0.002575,            0.002575,            0.002575
                 227,            0.012573,            0.012783,          0.00049615,             0.85931,             0.71878,             0.76133,             0.51054,            0.027302,             0.02586,           0.0059085,            0.002542,            0.002542,            0.002542
                 228,            0.012594,            0.012684,          0.00047034,             0.90414,             0.67945,             0.75675,             0.51368,            0.027403,            0.025741,           0.0058327,            0.002509,            0.002509,            0.002509
                 229,            0.012779,             0.01303,          0.00050651,              0.9353,             0.68215,              0.7589,             0.51671,            0.027305,            0.025335,           0.0057016,            0.002476,            0.002476,            0.002476
                 230,            0.012713,            0.013216,          0.00040575,             0.92498,             0.69168,             0.77137,             0.52133,            0.027173,            0.025278,           0.0058598,            0.002443,            0.002443,            0.002443
                 231,            0.012331,            0.013052,           0.0004009,             0.90591,             0.69479,             0.78513,             0.53014,            0.027032,            0.025103,           0.0057049,             0.00241,             0.00241,             0.00241
                 232,            0.012441,            0.012954,          0.00041936,             0.88755,             0.69958,             0.79189,             0.53754,            0.027131,            0.025193,           0.0057515,            0.002377,            0.002377,            0.002377
                 233,            0.012568,            0.012921,          0.00046669,             0.87472,             0.74002,             0.79361,               0.537,            0.027062,            0.025365,           0.0055918,            0.002344,            0.002344,            0.002344
                 234,            0.012514,            0.012434,           0.0003685,              0.8762,             0.72188,             0.79163,             0.53325,            0.027177,            0.025877,           0.0056233,            0.002311,            0.002311,            0.002311
                 235,             0.01218,            0.012413,          0.00042639,             0.89885,             0.70989,             0.77857,             0.52302,            0.027401,            0.025764,           0.0056597,            0.002278,            0.002278,            0.002278
                 236,            0.011886,            0.012054,          0.00044204,             0.91091,             0.69635,             0.78207,             0.52262,            0.027389,            0.025923,            0.005636,            0.002245,            0.002245,            0.002245
                 237,            0.011985,            0.011728,           0.0004061,             0.92613,              0.6975,             0.77451,             0.52068,            0.027164,            0.025975,            0.005629,            0.002212,            0.002212,            0.002212
                 238,            0.012532,            0.013035,          0.00042104,             0.91632,              0.7097,             0.78864,             0.52523,            0.027141,            0.025469,           0.0057096,            0.002179,            0.002179,            0.002179
                 239,            0.012463,            0.013132,             0.00046,             0.85972,              0.7416,             0.78722,             0.52886,            0.027133,            0.025206,           0.0055522,            0.002146,            0.002146,            0.002146
                 240,            0.011918,            0.012579,          0.00031947,             0.87393,             0.72132,             0.78996,             0.52804,            0.027294,             0.02524,           0.0054768,            0.002113,            0.002113,            0.002113
                 241,             0.01237,            0.013218,           0.0004372,             0.88757,             0.72146,             0.78536,             0.52589,             0.02741,              0.0255,            0.005693,             0.00208,             0.00208,             0.00208
                 242,            0.012453,            0.013209,          0.00044114,             0.88461,             0.72238,             0.77869,             0.52356,            0.027329,            0.025304,            0.005909,            0.002047,            0.002047,            0.002047
                 243,            0.012248,            0.012998,          0.00043775,             0.90468,             0.68416,             0.77136,             0.52243,            0.027301,             0.02557,           0.0060568,            0.002014,            0.002014,            0.002014
                 244,            0.011815,            0.012359,          0.00044401,             0.89583,             0.68345,             0.76291,             0.51831,            0.027089,            0.025438,           0.0060401,            0.001981,            0.001981,            0.001981
                 245,            0.011904,            0.012028,          0.00036947,             0.91338,             0.68473,             0.76772,             0.52111,            0.027057,            0.025511,           0.0060637,            0.001948,            0.001948,            0.001948
                 246,            0.011787,            0.013141,          0.00034377,             0.89008,              0.6968,              0.7643,             0.52096,            0.027146,            0.025677,            0.005921,            0.001915,            0.001915,            0.001915
                 247,            0.011714,            0.011851,          0.00036874,             0.89312,              0.6916,             0.77417,             0.52835,            0.027068,            0.025729,           0.0058437,            0.001882,            0.001882,            0.001882
                 248,            0.011642,            0.012166,          0.00040797,             0.93522,             0.66295,             0.77407,             0.52868,            0.027057,            0.025862,           0.0058693,            0.001849,            0.001849,            0.001849
                 249,            0.011655,            0.012438,          0.00035114,             0.90277,             0.70039,             0.77349,             0.52507,            0.027043,             0.02546,           0.0059399,            0.001816,            0.001816,            0.001816
                 250,            0.011762,            0.012235,          0.00036732,             0.90166,             0.71062,             0.77744,             0.52933,            0.027011,            0.025166,           0.0060165,            0.001783,            0.001783,            0.001783
                 251,            0.011515,            0.011896,          0.00041154,             0.89805,             0.70821,             0.78947,             0.53224,            0.027129,            0.025512,            0.005948,             0.00175,             0.00175,             0.00175
                 252,            0.011722,            0.012432,          0.00045948,             0.91407,             0.69887,             0.78844,             0.53388,            0.027124,            0.025845,           0.0059161,            0.001717,            0.001717,            0.001717
                 253,            0.011539,             0.01218,           0.0003215,             0.93437,             0.66492,             0.77721,             0.52527,             0.02724,            0.026077,           0.0060382,            0.001684,            0.001684,            0.001684
                 254,            0.011586,            0.012209,          0.00036589,             0.91187,             0.69408,              0.7753,             0.52417,            0.027239,            0.025896,           0.0059735,            0.001651,            0.001651,            0.001651
                 255,            0.011932,            0.012003,          0.00036413,             0.86644,             0.71525,             0.77175,             0.52253,            0.027228,            0.025887,           0.0059254,            0.001618,            0.001618,            0.001618
                 256,            0.011473,            0.011882,          0.00035731,             0.88205,             0.74056,             0.79796,             0.53394,            0.027359,            0.025843,           0.0055316,            0.001585,            0.001585,            0.001585
                 257,            0.011741,            0.012832,          0.00036379,             0.84723,             0.73657,             0.79174,             0.53017,            0.027327,            0.025918,           0.0056347,            0.001552,            0.001552,            0.001552
                 258,            0.011265,            0.012191,          0.00034596,             0.86008,             0.71025,             0.78436,             0.52876,            0.027176,            0.026183,           0.0058127,            0.001519,            0.001519,            0.001519
                 259,            0.011241,            0.012096,          0.00040577,             0.93587,             0.65779,             0.77773,             0.52492,            0.027058,            0.026361,           0.0059047,            0.001486,            0.001486,            0.001486
                 260,            0.011078,            0.012108,           0.0003293,             0.88708,             0.69542,             0.77851,             0.52433,            0.027098,            0.026267,           0.0058476,            0.001453,            0.001453,            0.001453
                 261,            0.011388,            0.012169,          0.00036661,             0.88764,             0.69851,             0.77986,             0.52807,            0.027182,            0.026249,           0.0057938,             0.00142,             0.00142,             0.00142
                 262,            0.011478,            0.012069,          0.00032833,             0.83577,             0.72733,             0.78844,             0.53253,            0.027118,            0.026201,           0.0058593,            0.001387,            0.001387,            0.001387
                 263,            0.011229,            0.011768,           0.0003034,             0.92704,             0.68404,             0.78517,              0.5273,            0.027189,            0.026419,           0.0060202,            0.001354,            0.001354,            0.001354
                 264,            0.011338,            0.012249,          0.00037537,             0.94129,             0.67396,             0.78601,             0.52928,              0.0273,            0.026741,           0.0059904,            0.001321,            0.001321,            0.001321
                 265,            0.011214,            0.011611,          0.00035216,             0.92685,             0.68245,             0.78123,             0.52563,            0.027244,             0.02658,           0.0059749,            0.001288,            0.001288,            0.001288
                 266,            0.011095,            0.011799,          0.00036654,             0.85811,             0.71931,             0.77746,             0.53009,            0.027129,            0.026347,           0.0059519,            0.001255,            0.001255,            0.001255
                 267,            0.011327,            0.011978,          0.00045921,             0.87985,             0.72055,             0.78415,             0.52572,            0.027146,            0.026328,           0.0058849,            0.001222,            0.001222,            0.001222
                 268,            0.010775,            0.011111,          0.00040108,             0.87819,             0.73138,             0.78007,             0.52658,            0.027217,            0.026575,           0.0059236,            0.001189,            0.001189,            0.001189
                 269,            0.011274,            0.011737,          0.00043974,             0.86281,             0.73362,             0.77008,             0.52221,            0.027119,            0.026497,           0.0060027,            0.001156,            0.001156,            0.001156
                 270,            0.011089,            0.011646,           0.0003795,             0.84683,             0.72168,             0.76867,               0.522,            0.027085,            0.026532,           0.0060773,            0.001123,            0.001123,            0.001123
                 271,            0.010794,            0.011273,          0.00033619,             0.84965,             0.71534,             0.76923,             0.51987,            0.027079,            0.026636,           0.0061486,             0.00109,             0.00109,             0.00109
                 272,            0.011346,            0.011958,          0.00036043,             0.88531,             0.71612,             0.76926,             0.51601,            0.027129,             0.02667,           0.0062609,            0.001057,            0.001057,            0.001057
                 273,            0.011075,            0.012396,          0.00030786,             0.88957,             0.70903,             0.77061,              0.5169,            0.027179,            0.026847,           0.0062989,            0.001024,            0.001024,            0.001024
                 274,            0.010972,            0.011089,           0.0003443,             0.88856,             0.70646,             0.76455,             0.51659,            0.027205,            0.026915,           0.0063548,            0.000991,            0.000991,            0.000991
                 275,            0.010957,            0.011611,           0.0003394,             0.87464,              0.7169,             0.76932,             0.52085,            0.027208,            0.026848,           0.0064103,            0.000958,            0.000958,            0.000958
                 276,            0.010729,            0.011164,          0.00032266,             0.87276,             0.71486,             0.76812,             0.51953,            0.027269,            0.026933,           0.0065361,            0.000925,            0.000925,            0.000925
                 277,            0.010712,            0.011538,          0.00030416,             0.86445,             0.70812,             0.77005,             0.52087,            0.027306,            0.026993,           0.0065234,            0.000892,            0.000892,            0.000892
                 278,            0.010375,            0.010757,          0.00032513,              0.8828,             0.71204,             0.77188,             0.52046,            0.027285,            0.027012,           0.0064477,            0.000859,            0.000859,            0.000859
                 279,            0.011065,            0.012266,           0.0004297,             0.88572,             0.70716,             0.76664,             0.51695,            0.027254,            0.026993,           0.0064779,            0.000826,            0.000826,            0.000826
                 280,            0.010847,            0.011434,          0.00029258,             0.88855,               0.699,             0.76076,             0.51538,            0.027241,            0.027149,           0.0064269,            0.000793,            0.000793,            0.000793
                 281,            0.010666,            0.011444,          0.00029795,             0.83928,             0.70714,             0.75889,             0.51582,            0.027253,            0.027254,           0.0063267,             0.00076,             0.00076,             0.00076
                 282,            0.010938,            0.011443,          0.00037389,             0.88396,             0.70128,              0.7621,             0.51749,            0.027231,            0.027208,            0.006286,            0.000727,            0.000727,            0.000727
                 283,            0.010506,            0.011251,          0.00030239,             0.88393,             0.71321,              0.7706,             0.52412,             0.02715,            0.026957,           0.0062243,            0.000694,            0.000694,            0.000694
                 284,            0.010848,            0.011516,          0.00030461,             0.87381,             0.71875,             0.77396,             0.52657,            0.027138,            0.026925,           0.0061374,            0.000661,            0.000661,            0.000661
                 285,            0.010775,            0.011058,          0.00027445,             0.88999,             0.71396,             0.77463,             0.52552,            0.027178,            0.026989,           0.0061444,            0.000628,            0.000628,            0.000628
                 286,            0.010843,            0.011548,          0.00034685,              0.8819,             0.72715,             0.77865,             0.52943,             0.02714,            0.027027,           0.0061507,            0.000595,            0.000595,            0.000595
                 287,            0.010872,            0.011178,           0.0002931,             0.87643,             0.72814,             0.77326,             0.52506,            0.027131,            0.027002,           0.0061391,            0.000562,            0.000562,            0.000562
                 288,            0.010877,            0.011424,          0.00026886,             0.86365,             0.72769,              0.7743,             0.52521,            0.027135,            0.027004,            0.006147,            0.000529,            0.000529,            0.000529
                 289,            0.010685,            0.012127,           0.0002961,             0.87724,             0.73158,             0.77569,             0.52904,            0.027149,            0.027027,           0.0061815,            0.000496,            0.000496,            0.000496
                 290,            0.010264,            0.010935,          0.00032136,             0.87751,             0.72731,             0.77668,             0.52842,            0.027122,            0.027049,           0.0062051,            0.000463,            0.000463,            0.000463
                 291,            0.010492,            0.011472,          0.00026805,             0.87485,             0.71737,               0.771,              0.5257,             0.02713,            0.027039,           0.0062617,             0.00043,             0.00043,             0.00043
                 292,            0.010736,            0.011451,          0.00028771,             0.85556,             0.71929,             0.77332,             0.52549,            0.027107,            0.027043,           0.0063085,            0.000397,            0.000397,            0.000397
                 293,            0.010419,            0.010989,          0.00026841,             0.86346,             0.71817,             0.77291,             0.52531,             0.02716,            0.027071,           0.0062819,            0.000364,            0.000364,            0.000364
                 294,            0.010641,            0.011195,          0.00031589,             0.87706,             0.71612,             0.77518,             0.52574,            0.027136,            0.027083,           0.0063287,            0.000331,            0.000331,            0.000331
                 295,            0.010418,            0.011215,          0.00031952,             0.88304,              0.7149,              0.7741,             0.52546,            0.027153,            0.027158,           0.0063525,            0.000298,            0.000298,            0.000298
                 296,            0.010254,            0.011728,          0.00031027,             0.87605,             0.71571,             0.77484,             0.52755,            0.027175,            0.027196,           0.0063507,            0.000265,            0.000265,            0.000265
                 297,            0.010618,            0.011295,          0.00028577,             0.87635,             0.71653,              0.7733,             0.52625,            0.027185,            0.027181,           0.0063589,            0.000232,            0.000232,            0.000232
                 298,            0.010482,            0.010634,          0.00029792,             0.85608,             0.72058,             0.77308,             0.52587,            0.027159,            0.027194,           0.0063494,            0.000199,            0.000199,            0.000199
                 299,            0.010253,            0.011187,          0.00031033,             0.85056,               0.723,             0.77526,              0.5274,            0.027153,            0.027225,           0.0063466,            0.000166,            0.000166,            0.000166
